degree|reduced exceptional
12|1, 8, 9
15|1, 7, 10, 12
20|3, 8, 19
21|1, 10, 15, 16
28|5, 13, 17, 21
33|1, 4, 16, 22, 25, 31
35|1, 2, 16, 17, 21, 22, 30, 31
39|1, 16, 19, 22, 28, 31
44|8, 11, 15, 19, 27, 31, 43
51|1, 10, 13, 18, 22, 28, 34, 37, 43, 49
52|7, 15, 23, 27, 31, 35, 44
55|2, 6, 7, 17, 21, 32, 41, 46, 51, 52
57|7, 9, 16, 25, 28, 34, 37, 40, 43, 46
65|1, 2, 6, 16, 17, 21, 27, 32, 41, 42, 45, 47, 52, 55, 56, 60
68|7, 11, 19, 31, 35, 36, 39, 48, 55, 59
69|2, 8, 23, 26, 29, 32, 35, 41, 47, 50, 59, 62
76|3, 11, 15, 19, 31, 39, 43, 59, 63, 67, 68
77|2, 4, 15, 16, 25, 32, 36, 37, 43, 46, 49, 57, 58, 60, 65, 71
85|2, 5, 6, 16, 22, 27, 31, 36, 42, 47, 51, 56, 57, 61, 67, 76, 81, 82
87|8, 11, 14, 17, 23, 29, 32, 38, 53, 54, 56, 59, 68, 71, 80, 83
91|1, 2, 3, 8, 15, 16, 17, 29, 30, 43, 45, 52, 58, 65, 66, 71, 73, 78, 79, 80, 84, 86
92|7, 11, 15, 19, 23, 43, 51, 63, 67, 79, 83, 91
93|1, 10, 13, 16, 19, 25, 34, 40, 55, 58, 63, 70, 79, 82, 88, 91
95|2, 12, 14, 19, 22, 27, 29, 32, 34, 37, 52, 57, 59, 67, 69, 72, 79, 84, 89, 94
111|3, 20, 23, 26, 29, 32, 35, 41, 44, 50, 56, 59, 68, 72, 77, 83, 86, 95, 101, 110
115|1, 2, 11, 16, 17, 27, 31, 32, 47, 51, 56, 57, 62, 66, 70, 71, 77, 86, 92, 96, 97, 101, 102, 112
116|3, 7, 19, 27, 32, 35, 43, 47, 67, 79, 83, 99, 103, 111, 115
119|1, 2, 8, 22, 23, 24, 30, 31, 36, 52, 57, 58, 59, 64, 65, 70, 73, 85, 86, 87, 92, 93, 99, 107, 108, 115
123|1, 6, 13, 21, 22, 24, 25, 31, 34, 36, 37, 52, 55, 67, 70, 73, 82, 85, 88, 100, 103, 106, 114, 115, 118, 121
124|7, 15, 19, 23, 27, 31, 51, 59, 67, 71, 87, 91, 103, 107, 111, 123
129|1, 4, 10, 19, 22, 25, 28, 37, 46, 52, 55, 70, 73, 79, 87, 100, 109, 112, 118, 121, 124, 127
133|2, 3, 10, 13, 20, 30, 34, 41, 45, 48, 51, 52, 58, 59, 72, 76, 79, 83, 86, 87, 90, 97, 108, 115, 121, 125, 128, 129
141|1, 4, 7, 16, 25, 28, 34, 37, 49, 55, 61, 64, 79, 94, 97, 100, 103, 106, 112, 115, 118, 121, 130, 136
143|2, 8, 12, 15, 16, 34, 35, 38, 41, 46, 48, 55, 59, 60, 67, 68, 74, 78, 81, 85, 90, 93, 100, 103, 107, 111, 112, 125, 126, 129, 133, 137
145|1, 2, 6, 16, 17, 21, 22, 31, 32, 35, 46, 47, 51, 60, 61, 67, 76, 87, 92, 96, 97, 102, 112, 116, 117, 121, 122, 126, 131, 132, 137, 141
148|1, 20, 41, 45, 49, 53, 57, 61, 65, 69, 77, 81, 85, 93, 113, 117, 121, 125, 133
155|1, 3, 11, 13, 21, 23, 36, 43, 46, 48, 53, 56, 58, 63, 73, 83, 86, 91, 96, 98, 106, 108, 116, 118, 136, 141, 146, 148, 151, 153
159|1, 4, 13, 16, 19, 22, 25, 43, 46, 55, 61, 64, 76, 79, 85, 91, 97, 106, 109, 112, 118, 124, 130, 139, 142, 145, 150, 154
161|4, 7, 9, 15, 22, 30, 32, 36, 44, 50, 51, 53, 58, 67, 72, 74, 78, 81, 86, 95, 99, 107, 109, 113, 114, 120, 127, 128, 130, 137, 141, 142, 151, 155
164|1, 13, 17, 21, 29, 36, 45, 49, 57, 73, 77, 93, 101, 109, 113, 117, 120, 125, 141, 149, 157, 161
172|7, 11, 19, 27, 31, 35, 39, 40, 43, 63, 68, 71, 83, 84, 99, 111, 119, 123, 127, 143, 151, 155, 163, 167, 171
177|2, 8, 11, 14, 23, 32, 38, 44, 47, 50, 56, 59, 65, 77, 83, 89, 92, 98, 101, 113, 128, 131, 149, 152, 155, 158, 161, 170, 173, 176
183|1, 4, 10, 16, 19, 22, 40, 63, 64, 67, 69, 70, 73, 76, 79, 85, 88, 91, 93, 94, 97, 109, 115, 123, 124, 126, 127, 130, 133, 138, 142, 154, 157, 160, 166, 169
185|2, 5, 14, 17, 22, 29, 34, 37, 39, 42, 47, 54, 59, 62, 67, 79, 84, 87, 92, 99, 102, 104, 107, 117, 122, 124, 127, 129, 139, 144, 147, 154, 159, 162, 164, 177, 182, 184
187|9, 15, 16, 20, 26, 30, 32, 37, 41, 43, 49, 54, 60, 63, 64, 71, 74, 75, 81, 88, 92, 97, 98, 108, 109, 114, 115, 118, 119, 125, 126, 131, 142, 148, 151, 152, 159, 162, 169, 173, 185, 186
188|3, 7, 27, 47, 51, 55, 59, 63, 71, 75, 79, 83, 95, 103, 111, 115, 119, 131, 143, 147, 155, 159, 175, 183
201|1, 4, 7, 13, 19, 34, 37, 43, 46, 49, 61, 70, 72, 76, 79, 82, 84, 94, 103, 106, 109, 112, 118, 124, 139, 148, 151, 169, 172, 175, 178, 180, 181, 190, 193, 199
203|4, 5, 8, 12, 15, 18, 22, 26, 33, 39, 47, 57, 64, 67, 68, 71, 85, 92, 95, 96, 99, 102, 109, 113, 120, 124, 131, 134, 138, 144, 151, 155, 158, 172, 173, 179, 180, 183, 186, 187, 200, 201
205|3, 8, 14, 18, 20, 28, 29, 39, 44, 48, 49, 58, 59, 63, 69, 73, 78, 89, 93, 98, 99, 104, 108, 113, 114, 118, 119, 134, 139, 143, 149, 154, 158, 159, 163, 178, 184, 190, 193, 199, 203, 204
209|8, 10, 15, 17, 19, 31, 32, 37, 43, 48, 50, 53, 54, 65, 70, 72, 74, 75, 81, 86, 92, 94, 103, 105, 107, 108, 119, 127, 129, 130, 131, 138, 141, 149, 151, 160, 162, 164, 169, 184, 186, 195, 202, 206, 207, 208
212|9, 12, 13, 21, 25, 33, 37, 45, 49, 65, 77, 89, 101, 105, 125, 129, 137, 145, 149, 157, 165, 177, 185, 197, 201, 205, 209
213|7, 13, 22, 28, 31, 34, 46, 52, 55, 61, 67, 70, 82, 85, 88, 94, 97, 106, 112, 115, 118, 124, 127, 130, 133, 136, 139, 142, 163, 175, 181, 184, 193, 205, 208, 211
215|3, 9, 19, 23, 29, 39, 43, 44, 48, 49, 53, 58, 64, 68, 69, 70, 73, 74, 78, 88, 89, 93, 109, 113, 118, 134, 138, 139, 144, 148, 154, 158, 159, 164, 168, 173, 174, 178, 179, 193, 198, 199, 203, 204
217|1, 4, 5, 8, 18, 19, 25, 32, 33, 36, 39, 40, 47, 50, 64, 67, 71, 78, 81, 82, 95, 102, 103, 109, 113, 131, 134, 138, 144, 152, 159, 162, 165, 169, 173, 180, 183, 186, 187, 190, 193, 194, 200, 204, 211, 214
219|1, 4, 7, 10, 16, 25, 31, 34, 40, 52, 76, 78, 79, 82, 85, 88, 91, 97, 100, 103, 109, 114, 118, 124, 127, 132, 133, 147, 148, 151, 154, 163, 166, 171, 175, 181, 187, 193, 196, 198, 205, 208
221|1, 3, 15, 26, 27, 28, 30, 32, 43, 45, 47, 52, 54, 56, 60, 66, 69, 71, 73, 78, 79, 81, 86, 94, 95, 105, 107, 112, 119, 120, 132, 134, 145, 146, 147, 149, 151, 156, 158, 162, 164, 170, 171, 173, 175, 183, 185, 188, 190, 196, 197, 198, 209, 214
235|1, 2, 11, 12, 17, 21, 27, 31, 41, 52, 57, 61, 62, 72, 87, 95, 96, 97, 102, 106, 107, 111, 112, 117, 121, 122, 132, 137, 141, 142, 146, 151, 152, 156, 162, 166, 172, 181, 182, 191, 196, 201, 202, 206, 211, 216, 226, 231
236|7, 11, 23, 27, 35, 43, 47, 51, 55, 59, 79, 87, 99, 103, 115, 123, 128, 139, 143, 147, 151, 159, 171, 175, 187, 191, 199, 219, 223, 227, 235
237|1, 4, 13, 16, 19, 34, 37, 46, 49, 58, 64, 82, 85, 88, 91, 97, 103, 106, 115, 118, 127, 130, 133, 136, 148, 151, 159, 160, 166, 175, 181, 184, 187, 190, 193, 196, 217, 223, 226, 232
244|3, 7, 11, 23, 31, 35, 51, 63, 67, 68, 75, 79, 83, 95, 103, 107, 123, 131, 143, 163, 187, 191, 195, 199, 207, 211, 215, 219, 227, 231, 239
247|1, 5, 6, 24, 27, 40, 43, 44, 45, 53, 57, 58, 62, 63, 66, 79, 82, 83, 84, 96, 97, 101, 102, 110, 115, 121, 122, 123, 134, 135, 136, 140, 141, 148, 153, 154, 157, 160, 161, 167, 173, 174, 179, 180, 186, 192, 193, 196, 199, 205, 212, 214, 218, 231, 234, 235
249|2, 5, 8, 14, 20, 32, 35, 47, 50, 53, 56, 62, 71, 74, 80, 83, 89, 98, 101, 107, 122, 125, 128, 137, 140, 143, 149, 155, 179, 185, 188, 200, 209, 212, 218, 221, 224, 233, 239, 242, 245, 248
253|6, 9, 12, 20, 25, 28, 31, 36, 42, 45, 48, 53, 58, 59, 75, 78, 81, 89, 91, 94, 97, 100, 105, 111, 114, 121, 122, 124, 127, 135, 144, 146, 147, 157, 158, 160, 163, 166, 168, 169, 174, 180, 190, 191, 193, 196, 204, 212, 213, 215, 226, 229, 232, 235, 237, 243
259|3, 5, 6, 13, 17, 19, 27, 40, 41, 45, 48, 54, 59, 62, 73, 80, 82, 87, 96, 97, 101, 104, 110, 115, 117, 122, 124, 132, 136, 138, 139, 146, 152, 153, 159, 167, 171, 173, 178, 188, 202, 206, 208, 213, 215, 220, 227, 230, 241, 243, 244, 250, 257, 258
265|4, 9, 13, 15, 23, 28, 29, 34, 39, 48, 53, 63, 64, 68, 69, 73, 74, 88, 89, 98, 103, 108, 113, 118, 119, 128, 129, 133, 134, 153, 154, 158, 163, 168, 169, 174, 179, 188, 193, 194, 198, 204, 209, 214, 219, 223, 224, 228, 233, 234, 239, 248, 259, 264
267|1, 4, 13, 19, 22, 28, 31, 34, 37, 40, 43, 64, 73, 79, 82, 90, 91, 103, 106, 109, 115, 130, 133, 145, 148, 154, 157, 163, 178, 181, 184, 187, 190, 196, 205, 214, 217, 220, 229, 232, 235, 238, 244, 256, 259, 262
268|3, 11, 15, 23, 27, 31, 35, 39, 47, 51, 59, 63, 67, 79, 91, 115, 127, 159, 163, 167, 175, 180, 183, 187, 191, 199, 207, 223, 231, 247, 251, 255, 259, 263, 267
284|3, 15, 19, 27, 43, 71, 75, 79, 83, 87, 91, 95, 103, 107, 111, 119, 131, 135, 143, 147, 151, 167, 171, 179, 187, 191, 199, 215, 219, 223, 231, 243, 251, 263, 267, 271
287|1, 3, 10, 24, 29, 36, 44, 45, 51, 52, 59, 65, 66, 73, 80, 85, 86, 92, 93, 100, 101, 106, 107, 108, 114, 115, 121, 127, 129, 134, 141, 142, 148, 149, 150, 155, 156, 157, 162, 164, 170, 183, 185, 190, 191, 192, 197, 198, 205, 206, 211, 226, 232, 233, 234, 239, 241, 246, 247, 267, 274, 275, 280, 282
291|7, 16, 19, 22, 28, 37, 43, 52, 58, 61, 64, 67, 70, 79, 82, 85, 88, 91, 93, 94, 114, 118, 121, 139, 145, 148, 154, 160, 163, 169, 181, 184, 190, 193, 202, 208, 211, 223, 226, 229, 238, 241, 250, 253, 265, 268, 271, 280, 286, 289
292|3, 19, 23, 31, 43, 51, 59, 63, 71, 79, 91, 99, 107, 111, 119, 131, 135, 139, 155, 159, 163, 175, 179, 187, 191, 199, 203, 211, 215, 231, 243, 255, 267, 271, 287, 291
295|1, 7, 12, 16, 17, 21, 22, 26, 27, 36, 41, 46, 51, 57, 62, 66, 71, 76, 81, 86, 87, 107, 112, 116, 121, 122, 127, 137, 146, 147, 166, 167, 171, 177, 181, 182, 186, 192, 196, 197, 202, 206, 212, 222, 226, 236, 237, 241, 251, 252, 256, 257, 261, 262, 271, 272, 277, 281, 282, 287
299|1, 3, 4, 6, 16, 18, 24, 27, 29, 31, 32, 50, 55, 58, 70, 71, 81, 82, 94, 95, 96, 105, 108, 110, 118, 121, 123, 128, 131, 133, 141, 144, 146, 147, 154, 161, 162, 167, 170, 173, 174, 185, 186, 187, 188, 193, 196, 200, 209, 211, 213, 219, 225, 232, 238, 239, 248, 261, 265, 266, 271, 276, 277, 278, 279, 284, 289, 292
301|1, 3, 9, 10, 14, 22, 23, 30, 35, 36, 37, 38, 44, 52, 57, 65, 66, 71, 73, 78, 79, 80, 87, 100, 105, 108, 112, 113, 114, 121, 122, 127, 141, 143, 148, 155, 156, 157, 164, 170, 176, 184, 191, 197, 198, 199, 204, 213, 218, 219, 225, 227, 234, 238, 240, 241, 247, 253, 261, 262, 267, 268, 280, 281, 283, 288, 290, 294, 295, 296
303|1, 10, 13, 16, 22, 24, 25, 28, 31, 34, 37, 43, 46, 49, 61, 82, 94, 97, 103, 106, 115, 124, 139, 142, 145, 151, 166, 169, 181, 190, 202, 205, 208, 211, 217, 220, 226, 229, 232, 241, 244, 247, 250, 256, 268, 271, 274, 277, 283, 286, 292, 295
305|3, 9, 14, 24, 33, 38, 43, 44, 48, 49, 53, 59, 64, 68, 83, 85, 88, 93, 94, 99, 103, 104, 109, 114, 118, 123, 129, 133, 143, 144, 149, 153, 154, 163, 164, 170, 173, 179, 184, 188, 194, 198, 204, 208, 214, 218, 224, 228, 234, 238, 249, 253, 258, 259, 268, 269, 279, 288, 289, 293, 299, 303
309|1, 4, 7, 10, 16, 19, 25, 37, 42, 49, 52, 58, 64, 70, 85, 88, 97, 106, 112, 115, 124, 127, 130, 133, 139, 145, 151, 160, 163, 166, 172, 175, 177, 178, 184, 193, 211, 214, 226, 229, 247, 250, 259, 262, 271, 274, 277, 280, 283, 292, 294, 295, 298, 307
316|11, 19, 23, 31, 51, 55, 67, 79, 83, 87, 95, 99, 111, 115, 119, 123, 131, 143, 151, 155, 159, 163, 167, 171, 179, 183, 203, 207, 223, 231, 239, 247, 255, 259, 263, 275, 279, 283, 287, 299
319|9, 10, 14, 21, 25, 26, 31, 39, 43, 50, 54, 58, 59, 69, 70, 72, 80, 81, 83, 88, 92, 97, 98, 103, 108, 109, 113, 125, 127, 130, 138, 141, 142, 146, 147, 157, 168, 171, 175, 179, 185, 186, 190, 196, 197, 204, 208, 212, 213, 215, 219, 224, 226, 229, 234, 237, 241, 246, 248, 257, 262, 263, 270, 273, 284, 292, 295, 300, 301, 306, 311, 312
321|2, 5, 8, 17, 20, 26, 32, 38, 50, 59, 65, 68, 71, 74, 77, 80, 95, 98, 104, 107, 113, 122, 125, 128, 131, 152, 158, 161, 167, 170, 173, 179, 185, 191, 200, 203, 221, 236, 242, 245, 257, 260, 269, 272, 281, 284, 287, 296, 302, 305, 308, 311, 317, 320
323|3, 10, 13, 15, 18, 22, 27, 32, 37, 52, 56, 60, 69, 71, 78, 79, 86, 88, 90, 94, 98, 103, 105, 107, 113, 117, 122, 124, 128, 129, 132, 141, 145, 146, 147, 151, 154, 162, 164, 166, 173, 179, 181, 183, 185, 192, 198, 200, 202, 205, 217, 219, 222, 224, 230, 231, 236, 241, 243, 249, 260, 265, 266, 268, 281, 287, 298, 299, 300, 304, 307, 316, 317, 319
327|4, 13, 19, 28, 31, 34, 40, 43, 46, 55, 58, 61, 64, 67, 79, 82, 88, 91, 94, 100, 103, 106, 121, 133, 142, 145, 148, 166, 169, 181, 193, 196, 202, 208, 211, 217, 226, 229, 238, 247, 274, 277, 280, 283, 286, 289, 292, 295, 301, 304, 310, 313, 322, 325
329|5, 11, 15, 19, 22, 26, 29, 33, 39, 40, 43, 46, 57, 60, 67, 78, 82, 85, 88, 92, 99, 109, 113, 116, 117, 120, 123, 124, 127, 134, 137, 138, 141, 151, 152, 172, 176, 179, 180, 186, 187, 193, 201, 207, 208, 211, 214, 218, 221, 228, 229, 232, 246, 250, 257, 264, 270, 274, 278, 281, 292, 295, 302, 305, 312, 313, 320, 323, 326, 327
332|19, 23, 27, 31, 35, 44, 51, 55, 59, 67, 71, 75, 79, 83, 103, 119, 123, 127, 151, 155, 159, 163, 171, 175, 183, 191, 207, 219, 223, 235, 243, 247, 259, 267, 271, 283, 287, 295, 299, 303, 311, 319, 331
335|2, 7, 12, 21, 31, 37, 41, 42, 51, 52, 56, 61, 62, 66, 71, 75, 76, 77, 86, 87, 91, 102, 107, 111, 112, 116, 117, 121, 131, 136, 141, 142, 146, 162, 167, 171, 172, 176, 186, 187, 195, 196, 201, 211, 221, 222, 232, 236, 241, 242, 246, 251, 252, 257, 262, 267, 272, 275, 276, 277, 287, 292, 296, 301, 306, 312, 317, 321, 322, 332
339|1, 4, 7, 13, 16, 25, 28, 31, 34, 40, 43, 46, 49, 52, 55, 76, 91, 94, 103, 114, 115, 121, 127, 130, 136, 139, 160, 166, 169, 181, 193, 196, 211, 226, 229, 232, 235, 238, 244, 247, 250, 253, 262, 265, 268, 274, 277, 280, 289, 295, 298, 301, 304, 307, 310, 319, 328, 334
341|6, 13, 17, 19, 21, 24, 28, 29, 32, 35, 40, 50, 52, 54, 63, 68, 73, 79, 83, 85, 90, 94, 98, 106, 109, 110, 112, 116, 117, 128, 129, 140, 145, 153, 156, 160, 161, 164, 171, 172, 178, 183, 184, 195, 197, 205, 215, 222, 226, 228, 230, 233, 238, 241, 249, 252, 259, 261, 271, 272, 277, 283, 285, 288, 292, 296, 303, 307, 314, 315, 316, 321, 326, 327, 329, 338
355|8, 38, 39, 43, 48, 53, 54, 58, 59, 64, 68, 73, 79, 93, 98, 108, 109, 113, 114, 118, 119, 123, 124, 128, 129, 133, 138, 139, 143, 144, 148, 153, 164, 168, 169, 178, 179, 184, 189, 193, 194, 198, 199, 204, 209, 214, 218, 219, 223, 224, 238, 239, 243, 249, 253, 263, 264, 268, 269, 289, 294, 309, 314, 323, 324, 334, 338, 339, 343, 348
356|3, 7, 11, 15, 23, 31, 35, 47, 51, 71, 87, 95, 99, 103, 111, 115, 119, 123, 135, 139, 151, 159, 183, 191, 195, 203, 231, 235, 251, 259, 263, 279, 287, 291, 295, 307, 311, 315, 319, 323, 327, 335, 347, 355
365|1, 2, 6, 7, 12, 16, 17, 27, 31, 36, 41, 47, 51, 52, 62, 76, 77, 81, 82, 91, 97, 102, 107, 127, 132, 147, 151, 152, 156, 161, 162, 166, 171, 176, 177, 181, 182, 186, 187, 191, 196, 197, 206, 220, 221, 222, 226, 227, 231, 236, 237, 246, 266, 271, 281, 292, 296, 297, 301, 302, 307, 312, 316, 317, 321, 322, 326, 327, 332, 337, 342, 346, 351, 352
371|1, 2, 16, 18, 23, 25, 29, 32, 43, 44, 50, 58, 60, 65, 67, 70, 71, 78, 79, 85, 95, 102, 107, 113, 120, 123, 135, 137, 144, 148, 149, 151, 155, 156, 165, 172, 176, 177, 179, 184, 190, 191, 193, 197, 204, 214, 218, 219, 225, 226, 228, 232, 235, 246, 254, 256, 261, 267, 270, 277, 281, 282, 288, 291, 296, 303, 309, 310, 319, 323, 324, 330, 331, 336, 338, 344, 347, 352, 361, 368
377|3, 7, 8, 11, 14, 16, 20, 27, 34, 35, 37, 40, 46, 61, 63, 66, 68, 72, 74, 85, 86, 92, 94, 98, 107, 112, 115, 124, 126, 133, 141, 144, 150, 151, 152, 156, 159, 165, 170, 172, 177, 180, 185, 190, 191, 202, 206, 209, 211, 217, 219, 228, 230, 235, 237, 242, 243, 248, 267, 268, 269, 271, 281, 286, 289, 293, 295, 297, 300, 306, 307, 310, 315, 326, 333, 336, 339, 346, 347, 354, 358, 359, 362, 365, 373, 375
381|1, 4, 10, 16, 22, 25, 28, 31, 40, 55, 58, 64, 67, 70, 73, 82, 88, 94, 103, 106, 109, 112, 121, 130, 136, 139, 154, 157, 163, 169, 175, 178, 193, 202, 205, 208, 211, 217, 220, 235, 241, 247, 255, 268, 271, 280, 292, 301, 319, 322, 325, 328, 331, 337, 340, 346, 349, 352, 358, 361, 370, 373, 376, 379
388|1, 17, 21, 25, 37, 41, 45, 49, 57, 61, 69, 73, 77, 85, 101, 105, 113, 129, 141, 161, 165, 181, 184, 185, 188, 189, 205, 221, 225, 233, 245, 253, 261, 265, 273, 277, 281, 285, 293, 313, 325, 333, 341, 345, 353, 365, 369, 373, 381, 385
391|1, 3, 5, 13, 15, 26, 37, 39, 40, 47, 49, 57, 60, 61, 71, 74, 83, 86, 88, 94, 95, 103, 105, 107, 108, 111, 117, 120, 128, 129, 132, 134, 139, 141, 149, 151, 153, 154, 162, 163, 166, 175, 176, 180, 185, 197, 200, 209, 210, 222, 224, 226, 231, 241, 243, 244, 247, 253, 256, 258, 264, 268, 270, 277, 278, 281, 287, 290, 292, 295, 302, 304, 312, 315, 316, 324, 333, 336, 338, 341, 346, 350, 358, 360, 362, 370, 379, 383, 384, 387
393|5, 11, 20, 35, 38, 41, 44, 53, 59, 62, 65, 74, 77, 80, 89, 101, 107, 113, 125, 131, 134, 140, 143, 146, 152, 158, 164, 167, 170, 176, 179, 191, 194, 206, 212, 215, 230, 233, 236, 239, 245, 248, 254, 260, 263, 266, 269, 275, 278, 287, 290, 296, 305, 308, 311, 314, 317, 320, 323, 326, 353, 356, 362, 371, 374, 383
395|1, 2, 11, 16, 21, 22, 26, 31, 32, 36, 42, 46, 51, 52, 62, 67, 72, 76, 81, 87, 92, 97, 101, 102, 111, 117, 121, 131, 141, 146, 151, 152, 162, 166, 167, 171, 176, 177, 181, 196, 202, 207, 222, 231, 237, 241, 242, 246, 247, 256, 257, 262, 277, 281, 282, 286, 287, 292, 301, 302, 316, 317, 321, 326, 327, 332, 336, 337, 341, 342, 347, 352, 356, 361, 362, 366, 367, 371, 381, 392
403|3, 6, 8, 11, 14, 16, 19, 22, 27, 29, 34, 37, 42, 45, 47, 50, 53, 58, 60, 61, 68, 73, 76, 81, 84, 89, 92, 99, 100, 107, 112, 115, 120, 123, 131, 138, 146, 151, 154, 162, 165, 169, 177, 185, 191, 193, 196, 204, 216, 217, 222, 224, 227, 235, 253, 255, 256, 258, 266, 282, 284, 287, 289, 295, 297, 308, 310, 313, 315, 318, 320, 321, 326, 328, 339, 344, 346, 347, 349, 352, 357, 359, 360, 370, 372, 375, 378, 380, 383, 386, 388, 391, 399, 401
404|1, 5, 9, 17, 49, 53, 77, 89, 105, 109, 117, 121, 129, 133, 137, 141, 145, 157, 161, 165, 169, 173, 177, 181, 189, 209, 213, 217, 221, 229, 232, 237, 241, 245, 253, 257, 261, 277, 297, 305, 313, 317, 321, 325, 333, 337, 341, 357, 373, 381, 401
407|2, 6, 7, 10, 13, 19, 21, 28, 29, 32, 39, 40, 43, 44, 50, 51, 57, 65, 76, 84, 85, 87, 88, 94, 95, 96, 106, 107, 112, 117, 118, 123, 131, 139, 140, 149, 150, 151, 160, 161, 162, 167, 176, 186, 187, 195, 197, 198, 204, 205, 206, 217, 228, 233, 241, 244, 250, 255, 260, 261, 266, 270, 271, 272, 281, 288, 292, 297, 299, 303, 307, 310, 315, 316, 318, 325, 329, 336, 340, 343, 347, 354, 362, 365, 371, 373, 376, 380, 381, 382, 384, 391, 392, 398, 402, 403
411|1, 4, 7, 13, 16, 19, 25, 28, 34, 52, 55, 64, 67, 76, 79, 88, 91, 94, 97, 100, 106, 115, 127, 138, 139, 145, 151, 154, 163, 169, 175, 181, 184, 187, 205, 208, 214, 229, 241, 244, 259, 274, 277, 280, 283, 286, 292, 295, 298, 301, 310, 313, 316, 322, 325, 328, 331, 337, 346, 349, 352, 355, 358, 370, 376, 382, 388, 391, 400, 406
412|5, 21, 37, 45, 53, 57, 65, 69, 73, 77, 85, 89, 101, 109, 113, 125, 145, 157, 165, 173, 177, 181, 189, 193, 197, 205, 209, 217, 233, 237, 241, 245, 249, 253, 257, 273, 277, 281, 293, 301, 305, 309, 321, 329, 333, 349, 353, 357, 389, 393, 397, 405
413|8, 10, 24, 31, 33, 38, 40, 43, 47, 50, 52, 54, 61, 73, 82, 89, 92, 96, 99, 101, 103, 106, 113, 115, 117, 120, 124, 129, 131, 136, 141, 148, 150, 152, 155, 157, 162, 173, 176, 183, 185, 187, 190, 201, 208, 211, 215, 220, 227, 229, 232, 236, 246, 250, 260, 267, 269, 274, 276, 278, 283, 288, 290, 292, 297, 306, 309, 313, 318, 325, 327, 332, 334, 337, 339, 351, 353, 360, 362, 365, 367, 372, 386, 388, 393, 397, 404, 409
415|3, 5, 13, 19, 24, 33, 38, 43, 44, 48, 49, 54, 63, 69, 73, 74, 79, 83, 88, 89, 94, 98, 104, 108, 109, 113, 134, 138, 143, 148, 149, 158, 159, 164, 169, 178, 179, 188, 193, 199, 203, 204, 208, 209, 213, 214, 218, 229, 233, 239, 248, 254, 264, 268, 273, 274, 279, 293, 298, 303, 304, 309, 314, 318, 323, 324, 328, 338, 343, 344, 353, 354, 358, 359, 369, 374, 379, 383, 384, 398, 399, 408, 413, 414
417|8, 9, 14, 17, 20, 38, 41, 44, 53, 59, 71, 74, 77, 83, 89, 92, 104, 107, 110, 113, 116, 128, 134, 137, 143, 161, 167, 173, 179, 182, 185, 188, 191, 200, 203, 209, 215, 221, 224, 230, 233, 239, 245, 248, 257, 260, 263, 272, 275, 287, 290, 302, 305, 314, 320, 329, 338, 344, 350, 359, 362, 380, 386, 392, 398, 401, 404, 407, 410, 416
